24Guesthouse Edae,seoul,24guesthouse-edae,http://www.travelnote.com.cn/seoul/hotel/24guesthouse-edae
24Guesthouse(东大门店),seoul,24guesthouse-dongdaemun,http://www.travelnote.com.cn/seoul/hotel/24guesthouse-dongdaemun
24Guesthouse（清溪川店）,seoul,24guesthouse-cheonggye-stream,http://www.travelnote.com.cn/seoul/hotel/24guesthouse-cheonggye-stream
2nd Casa(原首尔明洞碧姿酒店),seoul,biz,http://www.travelnote.com.cn/seoul/hotel/biz
2u青年旅社,seoul,two-u,http://www.travelnote.com.cn/seoul/hotel/two-u
ABC背包客栈旅店,seoul,abc_guesthouse,http://www.travelnote.com.cn/seoul/hotel/abc_guesthouse
AT Home酒店,seoul,athome,http://www.travelnote.com.cn/seoul/hotel/athome
Abata Hotel,korea,abata_hotel,http://www.travelnote.com.cn/korea/hotel/abata_hotel
Amiga In Seoul,seoul,amiga_in_seoul,http://www.travelnote.com.cn/seoul/hotel/amiga_in_seoul
Aroha背包这站,seoul,aroha-guesthouse,http://www.travelnote.com.cn/seoul/hotel/aroha-guesthouse
Aropa酒店,seoul,aropa,http://www.travelnote.com.cn/seoul/hotel/aropa
Artnouveau City Seocho,seoul,artnouveau-city-seocho,http://www.travelnote.com.cn/seoul/hotel/artnouveau-city-seocho
Atti酒店,seoul,hotelatti,http://www.travelnote.com.cn/seoul/hotel/hotelatti
Aventree钟路酒店,seoul,aventree,http://www.travelnote.com.cn/seoul/hotel/aventree
BENIKEA水源酒店,korea,suwonjoahotel,http://www.travelnote.com.cn/korea/hotel/suwonjoahotel
BEST WESTERN UL釜山酒店,busan,bestwestern_ul,http://www.travelnote.com.cn/busan/hotel/bestwestern_ul
BONBON酒店,seoul,backpackersmyeongdong,http://www.travelnote.com.cn/seoul/hotel/backpackersmyeongdong
Baiton酒店,seoul,baitonhotel,http://www.travelnote.com.cn/seoul/hotel/baitonhotel
Bali Tourist Hotel,seoul,balitouristhotel,http://www.travelnote.com.cn/seoul/hotel/balitouristhotel
Beige酒店,seoul,beige,http://www.travelnote.com.cn/seoul/hotel/beige
Bellagio Tourist Hotel,korea,bellagio,http://www.travelnote.com.cn/korea/hotel/bellagio
Benikea kp酒店,seoul,benikea_hotel_kp,http://www.travelnote.com.cn/seoul/hotel/benikea_hotel_kp
Benikea浦项酒店,korea,benikiea_pohang,http://www.travelnote.com.cn/korea/hotel/benikiea_pohang
Best Western Hotel Niagara,seoul,niagara,http://www.travelnote.com.cn/seoul/hotel/niagara
Big Choi's背包客栈,seoul,hongguesthouse,http://www.travelnote.com.cn/seoul/hotel/hongguesthouse
Blessing IN首尔酒店,seoul,blessing-in-seoul,http://www.travelnote.com.cn/seoul/hotel/blessing-in-seoul
Blue Beach Hotel,busan,blue_beach,http://www.travelnote.com.cn/busan/hotel/blue_beach
Cara旅店,seoul,cara,http://www.travelnote.com.cn/seoul/hotel/cara
Cello Hotel,seoul,cello_hotel,http://www.travelnote.com.cn/seoul/hotel/cello_hotel
Choi's之家,seoul,choishouse,http://www.travelnote.com.cn/seoul/hotel/choishouse
Cieldemer 海云台酒店,busan,cieldemer-haeundae,http://www.travelnote.com.cn/busan/hotel/cieldemer-haeundae
City7 Pullman Ambassador,korea,thecitypullman,http://www.travelnote.com.cn/korea/hotel/thecitypullman
Creto酒店,seoul,creto-hotel,http://www.travelnote.com.cn/seoul/hotel/creto-hotel
Crwon Harbor 釜山酒店,busan,crownharbor-busan,http://www.travelnote.com.cn/busan/hotel/crownharbor-busan
D7-suites酒店,seoul,d7suites,http://www.travelnote.com.cn/seoul/hotel/d7suites
DAWN BEACH酒店,busan,dawn_beach,http://www.travelnote.com.cn/busan/hotel/dawn_beach
DODO酒店,seoul,hoteldodo,http://www.travelnote.com.cn/seoul/hotel/hoteldodo
ECO背包客栈,seoul,ecohouse,http://www.travelnote.com.cn/seoul/hotel/ecohouse
EO休闲公寓,seoul,residenceeo,http://www.travelnote.com.cn/seoul/hotel/residenceeo
EXCO因特伯格酒店,korea,interburgoexco,http://www.travelnote.com.cn/korea/hotel/interburgoexco
Eastern I酒店,seoul,eastern_i,http://www.travelnote.com.cn/seoul/hotel/eastern_i
Eldis丽景酒店,korea,eldis,http://www.travelnote.com.cn/korea/hotel/eldis
Ever8 经济型公寓,seoul,ever8,http://www.travelnote.com.cn/seoul/hotel/ever8
Factory酒店,seoul,hotelfactory,http://www.travelnote.com.cn/seoul/hotel/hotelfactory
GLOBAL INN 釜山南浦洞 Hotel,busan,globalinn-busan-nampodong,http://www.travelnote.com.cn/busan/hotel/globalinn-busan-nampodong
GOM酒店,seoul,gom-residence-dongdaemoon,http://www.travelnote.com.cn/seoul/hotel/gom-residence-dongdaemoon
GO韩国背包客栈,seoul,gokorea_guesthouse,http://www.travelnote.com.cn/seoul/hotel/gokorea_guesthouse
GV休闲酒店,seoul,gvresidence,http://www.travelnote.com.cn/seoul/hotel/gvresidence
Gogoong Hotel,seoul,gogoong,http://www.travelnote.com.cn/seoul/hotel/gogoong
Gumi Century Hotel,korea,century,http://www.travelnote.com.cn/korea/hotel/century
Gwangjang Tourist Hotel,busan,gwangjang,http://www.travelnote.com.cn/busan/hotel/gwangjang
HATO Guest House,seoul,hato-guesthouse,http://www.travelnote.com.cn/seoul/hotel/hato-guesthouse
HI 首尔青年旅社,seoul,hiseoul_youth_hostel,http://www.travelnote.com.cn/seoul/hotel/hiseoul_youth_hostel
HI背包客栈,seoul,higuesthouse,http://www.travelnote.com.cn/seoul/hotel/higuesthouse
HU仁川机场酒店,korea,houhotel,http://www.travelnote.com.cn/korea/hotel/houhotel
Hanok Eugene's Guesthouse,seoul,httpeugenehousecokr,http://www.travelnote.com.cn/seoul/hotel/httpeugenehousecokr
Highland酒店,seoul,highland-hotel,http://www.travelnote.com.cn/seoul/hotel/highland-hotel
Highway酒店,seoul,highway,http://www.travelnote.com.cn/seoul/hotel/highway
Hostel Beige 2nd,seoul,beige_2nd,http://www.travelnote.com.cn/seoul/hotel/beige_2nd
Hostelkorea,seoul,hostelkorea,http://www.travelnote.com.cn/seoul/hotel/hostelkorea
Hotel Biz,seoul,hotel-biz,http://www.travelnote.com.cn/seoul/hotel/hotel-biz
Hotel Cape Town,seoul,capetown,http://www.travelnote.com.cn/seoul/hotel/capetown
Hotel Gallery,korea,gallerycheongju,http://www.travelnote.com.cn/korea/hotel/gallerycheongju
IN Seoul 青年旅社,seoul,inseoul-gesthouse,http://www.travelnote.com.cn/seoul/hotel/inseoul-gesthouse
IP精品酒店,seoul,itaewonhotel,http://www.travelnote.com.cn/seoul/hotel/itaewonhotel
ITW Hotel,seoul,itwhotel,http://www.travelnote.com.cn/seoul/hotel/itwhotel
Icon酒店,seoul,icon,http://www.travelnote.com.cn/seoul/hotel/icon
JBIS酒店,seoul,jbishotel,http://www.travelnote.com.cn/seoul/hotel/jbishotel
JIN背包客栈,seoul,jinguesthouse,http://www.travelnote.com.cn/seoul/hotel/jinguesthouse
JJ Inn,busan,jj-inn-hotel,http://www.travelnote.com.cn/busan/hotel/jj-inn-hotel
JJ休闲酒店,seoul,jjresidence,http://www.travelnote.com.cn/seoul/hotel/jjresidence
Jean’s Hostel,korea,jeans-hostel,http://www.travelnote.com.cn/korea/hotel/jeans-hostel
Jinju Dongbang Tourist Hotel,korea,dongbang,http://www.travelnote.com.cn/korea/hotel/dongbang
Joseonwangga Hotel,korea,joseonwangga,http://www.travelnote.com.cn/korea/hotel/joseonwangga
Just Stay酒店,seoul,juststayhotel,http://www.travelnote.com.cn/seoul/hotel/juststayhotel
J山丘酒店,seoul,jhillhotel,http://www.travelnote.com.cn/seoul/hotel/jhillhotel
K-POP经济型公寓 明洞2号店,seoul,kpopresidence2,http://www.travelnote.com.cn/seoul/hotel/kpopresidence2
K-POP经济型公寓,seoul,kpopresidence,http://www.travelnote.com.cn/seoul/hotel/kpopresidence
KOBOS酒店,seoul,kobos,http://www.travelnote.com.cn/seoul/hotel/kobos
KPOP东大门酒店,seoul,kpophotel-dongdaemun,http://www.travelnote.com.cn/seoul/hotel/kpophotel-dongdaemun
KPOP东大门酒店式公寓,seoul,kpopresidence-dongdaemun,http://www.travelnote.com.cn/seoul/hotel/kpopresidence-dongdaemun
KPOP首尔塔公寓式酒店,seoul,kpopresidence-seoultower,http://www.travelnote.com.cn/seoul/hotel/kpopresidence-seoultower
KPOP背包客栈（首尔站）,seoul,kpopguesthouse,http://www.travelnote.com.cn/seoul/hotel/kpopguesthouse
KW江南旅馆,seoul,kw_gangnam,http://www.travelnote.com.cn/seoul/hotel/kw_gangnam
KY喜来得酒店东大门,seoul,ky-heritagehotel-dongdaemun,http://www.travelnote.com.cn/seoul/hotel/ky-heritagehotel-dongdaemun
Karashy Butique hotel seoul,seoul,karashybutique,http://www.travelnote.com.cn/seoul/hotel/karashybutique
Kozy韩国背包客栈,korea,kozykorea,http://www.travelnote.com.cn/korea/hotel/kozykorea
LEWIN酒店,korea,corerivieral,http://www.travelnote.com.cn/korea/hotel/corerivieral
Lago Residence,korea,lagoresidence,http://www.travelnote.com.cn/korea/hotel/lagoresidence
Limestay,seoul,limestay,http://www.travelnote.com.cn/seoul/hotel/limestay
Loft酒店,seoul,loft,http://www.travelnote.com.cn/seoul/hotel/loft
Lotte City Hotel Guro,seoul,lottecityguro,http://www.travelnote.com.cn/seoul/hotel/lottecityguro
MAISON GLAD JEJU,korea,jejugrand,http://www.travelnote.com.cn/korea/hotel/jejugrand
MIDO酒店,seoul,hotel-mido,http://www.travelnote.com.cn/seoul/hotel/hotel-mido
MOMHouse 明洞,seoul,mom_house,http://www.travelnote.com.cn/seoul/hotel/mom_house
MURU背包客旅店,seoul,maruguesthouse_seoulstation,http://www.travelnote.com.cn/seoul/hotel/maruguesthouse_seoulstation
Manu酒店,seoul,manu,http://www.travelnote.com.cn/seoul/hotel/manu
Matehotel Bundang,korea,matehotel_bundang,http://www.travelnote.com.cn/korea/hotel/matehotel_bundang
Metro Spa Cabin汗蒸,seoul,metrospacabin,http://www.travelnote.com.cn/seoul/hotel/metrospacabin
Mumunmm休闲酒店,busan,residence_mumum,http://www.travelnote.com.cn/busan/hotel/residence_mumum
M碧兹酒店,seoul,mbiz,http://www.travelnote.com.cn/seoul/hotel/mbiz
N MORE套房酒店,seoul,hotel-and-residence-nmore,http://www.travelnote.com.cn/seoul/hotel/hotel-and-residence-nmore
NAFORE酒店,seoul,hotelnafore,http://www.travelnote.com.cn/seoul/hotel/hotelnafore
Noah酒店,busan,hotelnoah,http://www.travelnote.com.cn/busan/hotel/hotelnoah
Noble Hotel,seoul,noble,http://www.travelnote.com.cn/seoul/hotel/noble
Novotel Ambassador Suwon,korea,novotel_suwon,http://www.travelnote.com.cn/korea/hotel/novotel_suwon
N四季首尔酒店,seoul,nfourseason,http://www.travelnote.com.cn/seoul/hotel/nfourseason
OPPA青年旅社,seoul,oppahostel,http://www.travelnote.com.cn/seoul/hotel/oppahostel
ORANGE COUNTY酒店,seoul,orange_county,http://www.travelnote.com.cn/seoul/hotel/orange_county
Oriens公寓式酒店,seoul,hansuites,http://www.travelnote.com.cn/seoul/hotel/hansuites
PALE DE CZ 度假酒店,busan,paledecz,http://www.travelnote.com.cn/busan/hotel/paledecz
PJ酒店,seoul,poongjun,http://www.travelnote.com.cn/seoul/hotel/poongjun
PX旅店,seoul,motelpx,http://www.travelnote.com.cn/seoul/hotel/motelpx
Park View酒店,seoul,hotelparkview,http://www.travelnote.com.cn/seoul/hotel/hotelparkview
Pencil 5,seoul,pencil5,http://www.travelnote.com.cn/seoul/hotel/pencil5
Philstay 梨花女大,seoul,philstay-ehwa-univ,http://www.travelnote.com.cn/seoul/hotel/philstay-ehwa-univ
Prime观光酒店,busan,primehotel,http://www.travelnote.com.cn/busan/hotel/primehotel
Pusan Inn motel,busan,pusaninnmotel,http://www.travelnote.com.cn/busan/hotel/pusaninnmotel
RIAN酒店,seoul,rianhotel,http://www.travelnote.com.cn/seoul/hotel/rianhotel
Residence & you酒店,korea,residencenu,http://www.travelnote.com.cn/korea/hotel/residencenu
Room_in_korea背包客栈,seoul,room_in_korea,http://www.travelnote.com.cn/seoul/hotel/room_in_korea
Rosana Boutique Hotel,seoul,rosana_boutique_hotel,http://www.travelnote.com.cn/seoul/hotel/rosana_boutique_hotel
STAZ酒店明洞 Ⅱ,seoul,staz-myeongdong2,http://www.travelnote.com.cn/seoul/hotel/staz-myeongdong2
Saerim Hotel,seoul,saerim,http://www.travelnote.com.cn/seoul/hotel/saerim
Seoul YMCA Tourist hotel,seoul,ymca,http://www.travelnote.com.cn/seoul/hotel/ymca
Shangria海滩酒店,korea,shangria,http://www.travelnote.com.cn/korea/hotel/shangria
Sieoso酒店,seoul,sieosohotel,http://www.travelnote.com.cn/seoul/hotel/sieosohotel
Smart Hotel,korea,smart_hotel,http://www.travelnote.com.cn/korea/hotel/smart_hotel
Somerset Palace Seoul,seoul,somerset,http://www.travelnote.com.cn/seoul/hotel/somerset
Starria Hostel,seoul,seoul-tower-hostel,http://www.travelnote.com.cn/seoul/hotel/seoul-tower-hostel
Stay Inn酒店,seoul,hotel-stay-inn,http://www.travelnote.com.cn/seoul/hotel/hotel-stay-inn
Stay Seoul Residence,seoul,stayseoulresidence,http://www.travelnote.com.cn/seoul/hotel/stayseoulresidence
StayB酒店明洞,seoul,staybhotel,http://www.travelnote.com.cn/seoul/hotel/staybhotel
Story背包客栈,busan,storyguesthouse,http://www.travelnote.com.cn/busan/hotel/storyguesthouse
THE LUA酒店,busan,dongsin,http://www.travelnote.com.cn/busan/hotel/dongsin
THE-K庆州酒店,korea,gyeongjutemf,http://www.travelnote.com.cn/korea/hotel/gyeongjutemf
TOMO公寓酒店,seoul,tomoresidence,http://www.travelnote.com.cn/seoul/hotel/tomoresidence
TOP汽车旅馆,busan,topmotel,http://www.travelnote.com.cn/busan/hotel/topmotel
Tenq公寓酒店2,seoul,tenq-global-residence,http://www.travelnote.com.cn/seoul/hotel/tenq-global-residence
The Insa Guest House,seoul,insa-guest-house,http://www.travelnote.com.cn/seoul/hotel/insa-guest-house
The M公寓,seoul,benikeahome-the-m,http://www.travelnote.com.cn/seoul/hotel/benikeahome-the-m
The Suites Hotel Jeju,korea,suitesjeju,http://www.travelnote.com.cn/korea/hotel/suitesjeju
The stay酒店,seoul,thestayhotel,http://www.travelnote.com.cn/seoul/hotel/thestayhotel
Tong Vivace酒店,seoul,hoteltong_vivace,http://www.travelnote.com.cn/seoul/hotel/hoteltong_vivace
Tong东大门酒店,seoul,hoteltong,http://www.travelnote.com.cn/seoul/hotel/hoteltong
Tower Hill酒店,busan,tower,http://www.travelnote.com.cn/busan/hotel/tower
Tria Hotel,seoul,tria,http://www.travelnote.com.cn/seoul/hotel/tria
Union观光酒店,korea,union,http://www.travelnote.com.cn/korea/hotel/union
U城堡酒店,korea,ucastle_hotel,http://www.travelnote.com.cn/korea/hotel/ucastle_hotel
VISION酒店,seoul,vision,http://www.travelnote.com.cn/seoul/hotel/vision
VIV酒店,seoul,hotelviv,http://www.travelnote.com.cn/seoul/hotel/hotelviv
WS酒店,seoul,ws_hotel,http://www.travelnote.com.cn/seoul/hotel/ws_hotel
Wonsville明洞酒店,seoul,wonsville,http://www.travelnote.com.cn/seoul/hotel/wonsville
Yasuragi新村背包客栈,seoul,sinchon_yasuragi,http://www.travelnote.com.cn/seoul/hotel/sinchon_yasuragi
korstay旅店,seoul,korstayhotel,http://www.travelnote.com.cn/seoul/hotel/korstayhotel
mumum背包客栈,seoul,mumum_guesthouse,http://www.travelnote.com.cn/seoul/hotel/mumum_guesthouse
twinrabbit公寓旅店,seoul,twinrabbit_hostel,http://www.travelnote.com.cn/seoul/hotel/twinrabbit_hostel
明洞 LUMIA酒店,seoul,lumiahotel-myeong,http://www.travelnote.com.cn/seoul/hotel/lumiahotel-myeong
罗宫,korea,rakkung,http://www.travelnote.com.cn/korea/hotel/rakkung
钟路24Guesthouse,seoul,24guesthouse-jongnotower,http://www.travelnote.com.cn/seoul/hotel/24guesthouse-jongnotower
明洞24小时背包客栈,seoul,24guesthouse-myeong-1,http://www.travelnote.com.cn/seoul/hotel/24guesthouse-myeong-1
首尔53旅店,seoul,seoul53_hotel,http://www.travelnote.com.cn/seoul/hotel/seoul53_hotel
明洞AVENUEL24背包客栈,seoul,24guesthouse-myeong,http://www.travelnote.com.cn/seoul/hotel/24guesthouse-myeong
釜山Arpina青年旅社,busan,youthhostelarpina,http://www.travelnote.com.cn/busan/hotel/youthhostelarpina
釜山Aventree酒店,busan,aventreepusan,http://www.travelnote.com.cn/busan/hotel/aventreepusan
回基CO-PO公寓,seoul,coophuigyongdong,http://www.travelnote.com.cn/seoul/hotel/coophuigyongdong
首尔COEX洲际酒店,seoul,coex,http://www.travelnote.com.cn/seoul/hotel/coex
西方Co-op公寓酒店,seoul,westerncoop,http://www.travelnote.com.cn/seoul/hotel/westerncoop
大邱Grand酒店,korea,taegugrand,http://www.travelnote.com.cn/korea/hotel/taegugrand
南山Hill酒店,seoul,namsan-hill,http://www.travelnote.com.cn/seoul/hotel/namsan-hill
大佑INN酒店,seoul,daewoomotel,http://www.travelnote.com.cn/seoul/hotel/daewoomotel
东横INN釜山站2,busan,toyokoinn,http://www.travelnote.com.cn/busan/hotel/toyokoinn
东横INN釜山西面酒店,busan,toyokoinn_seomyon,http://www.travelnote.com.cn/busan/hotel/toyokoinn_seomyon
东横INN首尔东大门酒店,seoul,toyoko-inn_seouldongdaemun,http://www.travelnote.com.cn/seoul/hotel/toyoko-inn_seouldongdaemun
首尔JW万豪酒店,seoul,jwmarriott,http://www.travelnote.com.cn/seoul/hotel/jwmarriott
明洞KW旅馆,seoul,hostel-kw-myeongdong,http://www.travelnote.com.cn/seoul/hotel/hostel-kw-myeongdong
釜山M旅店,busan,mmotel,http://www.travelnote.com.cn/busan/hotel/mmotel
首尔Popgreen酒店,seoul,popgreen,http://www.travelnote.com.cn/seoul/hotel/popgreen
麻浦Stay 7酒店,seoul,stay7mapo,http://www.travelnote.com.cn/seoul/hotel/stay7mapo
明洞Tmark酒店,seoul,tmarkhotel,http://www.travelnote.com.cn/seoul/hotel/tmarkhotel
首尔gs酒店,seoul,gs_hotel,http://www.travelnote.com.cn/seoul/hotel/gs_hotel
首尔time酒店,seoul,timehotel,http://www.travelnote.com.cn/seoul/hotel/timehotel
北安村,korea,bukchondaek,http://www.travelnote.com.cn/korea/hotel/bukchondaek
清明宣,korea,changmyongheon,http://www.travelnote.com.cn/korea/hotel/changmyongheon
德满斋,korea,deokmanjae,http://www.travelnote.com.cn/korea/hotel/deokmanjae
德女斋,korea,deokyeojae,http://www.travelnote.com.cn/korea/hotel/deokyeojae
丰南宣,korea,poongnam,http://www.travelnote.com.cn/korea/hotel/poongnam
三道斋,korea,samdoheon,http://www.travelnote.com.cn/korea/hotel/samdoheon
林酒店,seoul,hotelreem,http://www.travelnote.com.cn/seoul/hotel/hotelreem
大门居,seoul,kundaemunjip,http://www.travelnote.com.cn/seoul/hotel/kundaemunjip
乐古斋,seoul,rakkojae,http://www.travelnote.com.cn/seoul/hotel/rakkojae
薇薇安2酒店,seoul,vabien2,http://www.travelnote.com.cn/seoul/hotel/vabien2
乙支路CO-OP商业公寓,seoul,coopeuljiro,http://www.travelnote.com.cn/seoul/hotel/coopeuljiro
东大门Hwashin公寓,seoul,dongdaemun-hwashin-hostel,http://www.travelnote.com.cn/seoul/hotel/dongdaemun-hwashin-hostel
东大门JW万豪酒店,seoul,jwmarriott_dongdaemun,http://www.travelnote.com.cn/seoul/hotel/jwmarriott_dongdaemun
首尔站K-POP酒店,seoul,kpophotel-seoulstation,http://www.travelnote.com.cn/seoul/hotel/kpophotel-seoulstation
忠武路KPOP公寓型酒店,seoul,kpop_residence_chungmuro,http://www.travelnote.com.cn/seoul/hotel/kpop_residence_chungmuro
东大门Summit酒店,seoul,summit_hotel,http://www.travelnote.com.cn/seoul/hotel/summit_hotel
森林酒店 海云台,busan,hotelforet,http://www.travelnote.com.cn/busan/hotel/hotelforet
大英酒店,busan,daeyounghotel,http://www.travelnote.com.cn/busan/hotel/daeyounghotel
海林旅店,busan,healim,http://www.travelnote.com.cn/busan/hotel/healim
金兰旅馆,busan,kumranmotel,http://www.travelnote.com.cn/busan/hotel/kumranmotel
釜山旅店,busan,pusanjang,http://www.travelnote.com.cn/busan/hotel/pusanjang
三元旅店,busan,samwonjang,http://www.travelnote.com.cn/busan/hotel/samwonjang
海运酒店,busan,seacloud,http://www.travelnote.com.cn/busan/hotel/seacloud
安东酒店,korea,andongcalifornia,http://www.travelnote.com.cn/korea/hotel/andongcalifornia
新罗酒店,korea,chejushilla,http://www.travelnote.com.cn/korea/hotel/chejushilla
水晶酒店,korea,crystal,http://www.travelnote.com.cn/korea/hotel/crystal
四季酒店,korea,fourseason,http://www.travelnote.com.cn/korea/hotel/fourseason
画廊酒店,korea,gallery,http://www.travelnote.com.cn/korea/hotel/gallery
早安酒店,korea,goodmorning,http://www.travelnote.com.cn/korea/hotel/goodmorning
红蓝美德,korea,hongranmideok,http://www.travelnote.com.cn/korea/hotel/hongranmideok
尔玛酒店,korea,hotelilmare,http://www.travelnote.com.cn/korea/hotel/hotelilmare
高丽酒店,korea,koryo,http://www.travelnote.com.cn/korea/hotel/koryo
天空酒店,korea,sky,http://www.travelnote.com.cn/korea/hotel/sky
儒城酒店,korea,yousung,http://www.travelnote.com.cn/korea/hotel/yousung
杨槐酒店,seoul,acacia,http://www.travelnote.com.cn/seoul/hotel/acacia
繁茂酒店,seoul,bloominghouse,http://www.travelnote.com.cn/seoul/hotel/bloominghouse
猫咪酒店,seoul,catshotel,http://www.travelnote.com.cn/seoul/hotel/catshotel
大韩旅店,seoul,dehanjeang,http://www.travelnote.com.cn/seoul/hotel/dehanjeang
爱丽酒店,seoul,elleinn,http://www.travelnote.com.cn/seoul/hotel/elleinn
花园旅馆,seoul,gardenmotel,http://www.travelnote.com.cn/seoul/hotel/gardenmotel
桂林旅馆,seoul,gyerim,http://www.travelnote.com.cn/seoul/hotel/gyerim
明洞酒店,seoul,hotel_myeongdong,http://www.travelnote.com.cn/seoul/hotel/hotel_myeongdong
欣欣酒店,seoul,hotel_shinshin,http://www.travelnote.com.cn/seoul/hotel/hotel_shinshin
酷迪旅店,seoul,hotelcutee,http://www.travelnote.com.cn/seoul/hotel/hotelcutee
艾琳酒店,seoul,hotelirene,http://www.travelnote.com.cn/seoul/hotel/hotelirene
爱之旅馆,seoul,hotelsarangbang,http://www.travelnote.com.cn/seoul/hotel/hotelsarangbang
美造酒店,seoul,mizo,http://www.travelnote.com.cn/seoul/hotel/mizo
公主酒店,seoul,princess_hotel,http://www.travelnote.com.cn/seoul/hotel/princess_hotel
彩虹酒店,seoul,rainbow,http://www.travelnote.com.cn/seoul/hotel/rainbow
富城酒店,seoul,richencounty,http://www.travelnote.com.cn/seoul/hotel/richencounty
萨哈旅社,seoul,saewhajang,http://www.travelnote.com.cn/seoul/hotel/saewhajang
三正酒店,seoul,samjung,http://www.travelnote.com.cn/seoul/hotel/samjung
沙威酒店,seoul,savoy,http://www.travelnote.com.cn/seoul/hotel/savoy
世宗酒店,seoul,sejong,http://www.travelnote.com.cn/seoul/hotel/sejong
天空旅店,seoul,skymotel,http://www.travelnote.com.cn/seoul/hotel/skymotel
阳光酒店,seoul,sunshine,http://www.travelnote.com.cn/seoul/hotel/sunshine
迎宾酒店,seoul,yeongbin,http://www.travelnote.com.cn/seoul/hotel/yeongbin
永东酒店,seoul,yeongdong,http://www.travelnote.com.cn/seoul/hotel/yeongdong
林氏之家,seoul,yims,http://www.travelnote.com.cn/seoul/hotel/yims
熊熊旅馆2,seoul,gom-hostel-myeongdong,http://www.travelnote.com.cn/seoul/hotel/gom-hostel-myeongdong
明洞旅馆2,seoul,guesthouse_myongdong2,http://www.travelnote.com.cn/seoul/hotel/guesthouse_myongdong2
瑞士罗森Benikea酒店,korea,benikea_swiss_rosen,http://www.travelnote.com.cn/korea/hotel/benikea_swiss_rosen
首尔明洞Loisir酒店,seoul,loisir-hotel,http://www.travelnote.com.cn/seoul/hotel/loisir-hotel
新罗济州Stay酒店,korea,shilla-stay-jeju,http://www.travelnote.com.cn/korea/hotel/shilla-stay-jeju
弗雷特酒店 釜山站店,busan,hotelforet_pusan,http://www.travelnote.com.cn/busan/hotel/hotelforet_pusan
新王牌旅店,busan,acemotel,http://www.travelnote.com.cn/busan/hotel/acemotel
爱丽舍旅馆,busan,elysee,http://www.travelnote.com.cn/busan/hotel/elysee
太阳昌旅店,busan,taeyangjang,http://www.travelnote.com.cn/busan/hotel/taeyangjang
亚士都饭店,korea,astar-jeju,http://www.travelnote.com.cn/korea/hotel/astar-jeju
新城度假村,korea,beachville,http://www.travelnote.com.cn/korea/hotel/beachville
春川熊酒店,korea,bears,http://www.travelnote.com.cn/korea/hotel/bears
哈里斯酒店,korea,charis,http://www.travelnote.com.cn/korea/hotel/charis
利川安旅店,korea,echeonan,http://www.travelnote.com.cn/korea/hotel/echeonan
温阳大酒店,korea,grand,http://www.travelnote.com.cn/korea/hotel/grand
宫观光酒店,korea,jeonju_kun,http://www.travelnote.com.cn/korea/hotel/jeonju_kun
小法国酒店,korea,littlefrance,http://www.travelnote.com.cn/korea/hotel/littlefrance
马来梦酒店,korea,maremons,http://www.travelnote.com.cn/korea/hotel/maremons
美兰达酒店,korea,miranda,http://www.travelnote.com.cn/korea/hotel/miranda
北极星酒店,korea,polaris,http://www.travelnote.com.cn/korea/hotel/polaris
普拉多酒店,korea,prado,http://www.travelnote.com.cn/korea/hotel/prado
丽珍思酒店,korea,regency,http://www.travelnote.com.cn/korea/hotel/regency
赛维拉酒店,korea,sevilla,http://www.travelnote.com.cn/korea/hotel/sevilla
新大邱酒店,korea,taegu,http://www.travelnote.com.cn/korea/hotel/taegu
赛米斯酒店,korea,zeumes,http://www.travelnote.com.cn/korea/hotel/zeumes
东大门酒店,seoul,bestwesterndongdaemun,http://www.travelnote.com.cn/seoul/hotel/bestwesterndongdaemun
森特罗酒店,seoul,centro,http://www.travelnote.com.cn/seoul/hotel/centro
东大门旅店,seoul,dongdaemun_hostel,http://www.travelnote.com.cn/seoul/hotel/dongdaemun_hostel
东大门公寓,seoul,dongdaemun_house,http://www.travelnote.com.cn/seoul/hotel/dongdaemun_house
道罗斯酒店,seoul,doulos,http://www.travelnote.com.cn/seoul/hotel/doulos
王朝大酒店,seoul,dynasty,http://www.travelnote.com.cn/seoul/hotel/dynasty
熊背包客栈,seoul,gom-guesthouse-myeongdong,http://www.travelnote.com.cn/seoul/hotel/gom-guesthouse-myeongdong
拉卡莎酒店,seoul,hotel_lacasa,http://www.travelnote.com.cn/seoul/hotel/hotel_lacasa
明家斋客栈,seoul,meonggajae,http://www.travelnote.com.cn/seoul/hotel/meonggajae
大都会酒店,seoul,metro,http://www.travelnote.com.cn/seoul/hotel/metro
新山顶酒店,seoul,newhilltophotel,http://www.travelnote.com.cn/seoul/hotel/newhilltophotel
新国际酒店,seoul,newkukje,http://www.travelnote.com.cn/seoul/hotel/newkukje
太平洋酒店,seoul,pacific,http://www.travelnote.com.cn/seoul/hotel/pacific
法洛斯酒店,seoul,pharoshotel,http://www.travelnote.com.cn/seoul/hotel/pharoshotel
富拉泽酒店,seoul,plaza,http://www.travelnote.com.cn/seoul/hotel/plaza
总统大酒店,seoul,president,http://www.travelnote.com.cn/seoul/hotel/president
普瑞玛酒店,seoul,prima,http://www.travelnote.com.cn/seoul/hotel/prima
滨江大酒店,seoul,riverside,http://www.travelnote.com.cn/seoul/hotel/riverside
汝矣岛酒店,seoul,yoido,http://www.travelnote.com.cn/seoul/hotel/yoido
缘背包客栈,seoul,yuan-guesthouse,http://www.travelnote.com.cn/seoul/hotel/yuan-guesthouse
云背包客栈,seoul,yunguesthouse,http://www.travelnote.com.cn/seoul/hotel/yunguesthouse
釜山天使酒店,busan,angel,http://www.travelnote.com.cn/busan/hotel/angel
釜山水宫酒店,busan,aquapalace,http://www.travelnote.com.cn/busan/hotel/aquapalace
海云台大酒店,busan,haeundaegrand,http://www.travelnote.com.cn/busan/hotel/haeundaegrand
赫尔墨斯酒店,busan,homers,http://www.travelnote.com.cn/busan/hotel/homers
釜山国际酒店,busan,kukje,http://www.travelnote.com.cn/busan/hotel/kukje
釜山农心酒店,busan,nongsim,http://www.travelnote.com.cn/busan/hotel/nongsim
釜山天堂酒店,busan,paradisebusan,http://www.travelnote.com.cn/busan/hotel/paradisebusan
釜山中心酒店,busan,pusancentral,http://www.travelnote.com.cn/busan/hotel/pusancentral
釜山乐天酒店,busan,pusanlotte,http://www.travelnote.com.cn/busan/hotel/pusanlotte
釜山广场酒店,busan,pusanplaza,http://www.travelnote.com.cn/busan/hotel/pusanplaza
釜山观光酒店,busan,pusantourist,http://www.travelnote.com.cn/busan/hotel/pusantourist
女王汽车旅馆,busan,queens-hotel,http://www.travelnote.com.cn/busan/hotel/queens-hotel
贵族海滩酒店,busan,roadbeach,http://www.travelnote.com.cn/busan/hotel/roadbeach
日落商务酒店,busan,sunset,http://www.travelnote.com.cn/busan/hotel/sunset
天空公园酒店,korea,airpark,http://www.travelnote.com.cn/korea/hotel/airpark
安东花园旅店,korea,andongparkhotel,http://www.travelnote.com.cn/korea/hotel/andongparkhotel
水源城堡酒店,korea,castle,http://www.travelnote.com.cn/korea/hotel/castle
春川世宗酒店,korea,chunchonsejong,http://www.travelnote.com.cn/korea/hotel/chunchonsejong
庆州和谐宾馆,korea,concorde,http://www.travelnote.com.cn/korea/hotel/concorde
大林观光酒店,korea,daelim,http://www.travelnote.com.cn/korea/hotel/daelim
海港花园酒店,korea,harborpark,http://www.travelnote.com.cn/korea/hotel/harborpark
济州凯悦酒店,korea,hyattcheju,http://www.travelnote.com.cn/korea/hotel/hyattcheju
仁川凯悦酒店,korea,hyattincheon,http://www.travelnote.com.cn/korea/hotel/hyattincheon
庆州现代酒店,korea,hyundaigyeongju,http://www.travelnote.com.cn/korea/hotel/hyundaigyeongju
现代木浦酒店,korea,hyundaimokpo,http://www.travelnote.com.cn/korea/hotel/hyundaimokpo
巍山现代酒店,korea,hyundaiulsan,http://www.travelnote.com.cn/korea/hotel/hyundaiulsan
仁川招待宾馆,korea,incheguesthouse,http://www.travelnote.com.cn/korea/hotel/incheguesthouse
仁川机场酒店,korea,incheonnewairport,http://www.travelnote.com.cn/korea/hotel/incheonnewairport
因特伯格酒店,korea,interburgo,http://www.travelnote.com.cn/korea/hotel/interburgo
济州卡尔酒店,korea,jejukal,http://www.travelnote.com.cn/korea/hotel/jejukal
济州宫殿酒店,korea,jejupalace,http://www.travelnote.com.cn/korea/hotel/jejupalace
济州皇家酒店,korea,jejuroyal,http://www.travelnote.com.cn/korea/hotel/jejuroyal
庆州可隆酒店,korea,kolon,http://www.travelnote.com.cn/korea/hotel/kolon
镜浦海滩酒店,korea,kyungpobeach,http://www.travelnote.com.cn/korea/hotel/kyungpobeach
济州乐天酒店,korea,lottejeju,http://www.travelnote.com.cn/korea/hotel/lottejeju
巍山乐天酒店,korea,lotteulsan,http://www.travelnote.com.cn/korea/hotel/lotteulsan
无等公园酒店,korea,mudeung,http://www.travelnote.com.cn/korea/hotel/mudeung
济州黄金酒店,korea,namseoulplaza,http://www.travelnote.com.cn/korea/hotel/namseoulplaza
温阳观光酒店,korea,onyang,http://www.travelnote.com.cn/korea/hotel/onyang
济州东方酒店,korea,oriental,http://www.travelnote.com.cn/korea/hotel/oriental
仁川乐园酒店,korea,paradiseincheon,http://www.travelnote.com.cn/korea/hotel/paradiseincheon
帕克伍德酒店,korea,parkwood_hotel,http://www.travelnote.com.cn/korea/hotel/parkwood_hotel
丽思广场酒店,korea,ritzplaza,http://www.travelnote.com.cn/korea/hotel/ritzplaza
新安海滩酒店,korea,shinanbeach,http://www.travelnote.com.cn/korea/hotel/shinanbeach
庆州套房酒店,korea,suitekyeongju,http://www.travelnote.com.cn/korea/hotel/suitekyeongju
骆山套间酒店,korea,suitesnaksan,http://www.travelnote.com.cn/korea/hotel/suitesnaksan
阳光海滩酒店,korea,sunbeach,http://www.travelnote.com.cn/korea/hotel/sunbeach
大邱水星酒店,korea,susung_hotel,http://www.travelnote.com.cn/korea/hotel/susung_hotel
水源套房酒店,korea,the-suiteplace-suwon,http://www.travelnote.com.cn/korea/hotel/the-suiteplace-suwon
蔚山早安酒店,korea,ulsangoodmorning,http://www.travelnote.com.cn/korea/hotel/ulsangoodmorning
莞岛观光酒店,korea,wandotourist,http://www.travelnote.com.cn/korea/hotel/wandotourist
白色观光酒店,korea,whitetouristhotel,http://www.travelnote.com.cn/korea/hotel/whitetouristhotel
原州观光酒店,korea,wonju,http://www.travelnote.com.cn/korea/hotel/wonju
机场观光酒店,seoul,airport,http://www.travelnote.com.cn/seoul/hotel/airport
艾默瑞克酒店,seoul,amourex,http://www.travelnote.com.cn/seoul/hotel/amourex
苹果背包客栈,seoul,applebackpackers,http://www.travelnote.com.cn/seoul/hotel/applebackpackers
天空背包客栈,seoul,ari_guesthouse,http://www.travelnote.com.cn/seoul/hotel/ari_guesthouse
香蕉背包客栈,seoul,backpackers,http://www.travelnote.com.cn/seoul/hotel/backpackers
拌饭背包客栈,seoul,bibimbap-guesthouse,http://www.travelnote.com.cn/seoul/hotel/bibimbap-guesthouse
宝儿旅游客栈,seoul,boa_guesthouse,http://www.travelnote.com.cn/seoul/hotel/boa_guesthouse
布朗观光酒店,seoul,brown,http://www.travelnote.com.cn/seoul/hotel/brown
首尔中心酒店,seoul,centermarkhotel,http://www.travelnote.com.cn/seoul/hotel/centermarkhotel
中心观光酒店,seoul,central,http://www.travelnote.com.cn/seoul/hotel/central
城市公园酒店,seoul,citypark,http://www.travelnote.com.cn/seoul/hotel/citypark
明洞点击酒店,seoul,clickhotel,http://www.travelnote.com.cn/seoul/hotel/clickhotel
会展商务酒店,seoul,coexbiz,http://www.travelnote.com.cn/seoul/hotel/coexbiz
明洞考兹酒店,seoul,cozy_myoungdong,http://www.travelnote.com.cn/seoul/hotel/cozy_myoungdong
皇冠公园酒店,seoul,crown-park,http://www.travelnote.com.cn/seoul/hotel/crown-park
甜蜜背包客栈,seoul,dalkomguesthouse,http://www.travelnote.com.cn/seoul/hotel/dalkomguesthouse
明洞戴斯酒店,seoul,dayshotel,http://www.travelnote.com.cn/seoul/hotel/dayshotel
江南服务公寓,seoul,dormyinseoul,http://www.travelnote.com.cn/seoul/hotel/dormyinseoul
首尔埃露酒店,seoul,ellui,http://www.travelnote.com.cn/seoul/hotel/ellui
首尔画廊酒店,seoul,gallerya_hotel,http://www.travelnote.com.cn/seoul/hotel/gallerya_hotel
黃金城市酒店,seoul,golden-city,http://www.travelnote.com.cn/seoul/hotel/golden-city
首尔黄金酒店,seoul,goldenseoulhotel,http://www.travelnote.com.cn/seoul/hotel/goldenseoulhotel
首尔君悦酒店,seoul,grandhyatt,http://www.travelnote.com.cn/seoul/hotel/grandhyatt
明洞背包客栈,seoul,guesthouse_myongdong,http://www.travelnote.com.cn/seoul/hotel/guesthouse_myongdong
菲尔豪斯酒店,seoul,hillhouse,http://www.travelnote.com.cn/seoul/hotel/hillhouse
艾琳城市酒店,seoul,irene_city,http://www.travelnote.com.cn/seoul/hotel/irene_city
蚕室观光酒店,seoul,jamsil,http://www.travelnote.com.cn/seoul/hotel/jamsil
可乐观光酒店,seoul,karak,http://www.travelnote.com.cn/seoul/hotel/karak
伽倻观光酒店,seoul,kaya,http://www.travelnote.com.cn/seoul/hotel/kaya
明洞国际旅店,seoul,kukje_myeongdong_house,http://www.travelnote.com.cn/seoul/hotel/kukje_myeongdong_house
庆南观光酒店,seoul,kyungnam,http://www.travelnote.com.cn/seoul/hotel/kyungnam
首尔布莱酒店,seoul,leisure,http://www.travelnote.com.cn/seoul/hotel/leisure
首尔乐天酒店,seoul,lotte,http://www.travelnote.com.cn/seoul/hotel/lotte
绿色公寓酒店,seoul,maison,http://www.travelnote.com.cn/seoul/hotel/maison
梅菲尔德酒店,seoul,mayfield,http://www.travelnote.com.cn/seoul/hotel/mayfield
早安天空酒店,seoul,morningsky,http://www.travelnote.com.cn/seoul/hotel/morningsky
明洞梦想酒店,seoul,myeongdong_dream,http://www.travelnote.com.cn/seoul/hotel/myeongdong_dream
南山背包客栈,seoul,namsanguest,http://www.travelnote.com.cn/seoul/hotel/namsanguest
娜娜休闲酒店,seoul,nana_residence,http://www.travelnote.com.cn/seoul/hotel/nana_residence
新韩国大酒店,seoul,newkorea,http://www.travelnote.com.cn/seoul/hotel/newkorea
明洞九树酒店,seoul,ninetreehotel,http://www.travelnote.com.cn/seoul/hotel/ninetreehotel
首尔柏悦酒店,seoul,parkhyatt,http://www.travelnote.com.cn/seoul/hotel/parkhyatt
首尔王子酒店,seoul,prince,http://www.travelnote.com.cn/seoul/hotel/prince
首尔万丽酒店,seoul,renaissance,http://www.travelnote.com.cn/seoul/hotel/renaissance
里维埃拉酒店,seoul,riviera,http://www.travelnote.com.cn/seoul/hotel/riviera
三豪公园酒店,seoul,samho_hotel,http://www.travelnote.com.cn/seoul/hotel/samho_hotel
首尔城市酒店,seoul,seoul-city-hotel,http://www.travelnote.com.cn/seoul/hotel/seoul-city-hotel
首尔明洞客栈,seoul,seoul_myeongdong_house,http://www.travelnote.com.cn/seoul/hotel/seoul_myeongdong_house
首尔宫殿酒店,seoul,seoulpalace,http://www.travelnote.com.cn/seoul/hotel/seoulpalace
首尔新罗酒店,seoul,shilla,http://www.travelnote.com.cn/seoul/hotel/shilla
首尔公寓酒店,seoul,sresidence,http://www.travelnote.com.cn/seoul/hotel/sresidence
阳光背包客栈,seoul,sunshine_guesthouse,http://www.travelnote.com.cn/seoul/hotel/sunshine_guesthouse
维拉套房酒店,seoul,vellasuitehotel,http://www.travelnote.com.cn/seoul/hotel/vellasuitehotel
天空花园酒店1,seoul,skyparkhotel,http://www.travelnote.com.cn/seoul/hotel/skyparkhotel
天空花园酒店2,seoul,hotel_skypark2_myeongdong,http://www.travelnote.com.cn/seoul/hotel/hotel_skypark2_myeongdong
南山背包客栈2,seoul,namsanguest2,http://www.travelnote.com.cn/seoul/hotel/namsanguest2
天空花园酒店3,seoul,hotel_skypark3_myeongdong,http://www.travelnote.com.cn/seoul/hotel/hotel_skypark3_myeongdong
南山背包客栈3,seoul,namsanguest3,http://www.travelnote.com.cn/seoul/hotel/namsanguest3
首尔宾塔经典500行政公寓　,seoul,the_classis500,http://www.travelnote.com.cn/seoul/hotel/the_classis500
海云台中心酒店,busan,bexcocentum,http://www.travelnote.com.cn/busan/hotel/bexcocentum
釜山康莫德酒店,busan,commodorepusan,http://www.travelnote.com.cn/busan/hotel/commodorepusan
宜必思西面酒店,busan,ibis_busan,http://www.travelnote.com.cn/busan/hotel/ibis_busan
釜山乌托邦酒店,busan,utopia,http://www.travelnote.com.cn/busan/hotel/utopia
庆州康摩德酒店,korea,commodoregyeongju,http://www.travelnote.com.cn/korea/hotel/commodoregyeongju
大邱王子大酒店,korea,daeguprince,http://www.travelnote.com.cn/korea/hotel/daeguprince
锦绣庄观光酒店,korea,geumsoojang,http://www.travelnote.com.cn/korea/hotel/geumsoojang
济州汉拿大酒店,korea,hana,http://www.travelnote.com.cn/korea/hotel/hana
希丁克观光酒店,korea,hiddink,http://www.travelnote.com.cn/korea/hotel/hiddink
宜必思水源酒店,korea,ibissuwon,http://www.travelnote.com.cn/korea/hotel/ibissuwon
济州太平洋酒店,korea,jejupacific,http://www.travelnote.com.cn/korea/hotel/jejupacific
智异山家庭酒店,korea,jirifamily,http://www.travelnote.com.cn/korea/hotel/jirifamily
肯辛顿星级酒店,korea,kensingtonstar,http://www.travelnote.com.cn/korea/hotel/kensingtonstar
庆州希尔顿酒店,korea,kyongjuhilton,http://www.travelnote.com.cn/korea/hotel/kyongjuhilton
济州岛海洋酒店,korea,oceansuitesjeju,http://www.travelnote.com.cn/korea/hotel/oceansuitesjeju
拉美达东滩酒店,korea,ramadadongtan,http://www.travelnote.com.cn/korea/hotel/ramadadongtan
松岛华美达酒店,korea,ramadasongdo,http://www.travelnote.com.cn/korea/hotel/ramadasongdo
济州罗伯如酒店,korea,robero,http://www.travelnote.com.cn/korea/hotel/robero
西归浦卡尔酒店,korea,seogwipokal,http://www.travelnote.com.cn/korea/hotel/seogwipokal
仁川喜来登酒店,korea,sheratonincheon,http://www.travelnote.com.cn/korea/hotel/sheratonincheon
阳光机场度假村,korea,shineville,http://www.travelnote.com.cn/korea/hotel/shineville
雪岳山公园酒店,korea,sorakpark,http://www.travelnote.com.cn/korea/hotel/sorakpark
雪岳山青年旅馆,korea,sorakyouth,http://www.travelnote.com.cn/korea/hotel/sorakyouth
水安保花园酒店,korea,suanbopark,http://www.travelnote.com.cn/korea/hotel/suanbopark
济州岛阳光酒店,korea,sunshinejeju,http://www.travelnote.com.cn/korea/hotel/sunshinejeju
药岩观光大饭店,korea,yakam,http://www.travelnote.com.cn/korea/hotel/yakam
丽水尚博尔酒店,korea,yeosuchambordhotel,http://www.travelnote.com.cn/korea/hotel/yeosuchambordhotel
首尔悦榕庄酒店,seoul,banyantree,http://www.travelnote.com.cn/seoul/hotel/banyantree
新富林观光酒店,seoul,boorim,http://www.travelnote.com.cn/seoul/hotel/boorim
加利福尼亚酒店,seoul,california,http://www.travelnote.com.cn/seoul/hotel/california
首尔首都大酒店,seoul,capital,http://www.travelnote.com.cn/seoul/hotel/capital
首尔新天地酒店,seoul,chonji,http://www.travelnote.com.cn/seoul/hotel/chonji
江南科尔特酒店,seoul,coatel,http://www.travelnote.com.cn/seoul/hotel/coatel
仁寺洞皇冠酒店,seoul,crowninsadong,http://www.travelnote.com.cn/seoul/hotel/crowninsadong
梨泰源皇冠酒店,seoul,crownitaewon,http://www.travelnote.com.cn/seoul/hotel/crownitaewon
辉盛阁国际公寓,seoul,frasersuites,http://www.travelnote.com.cn/seoul/hotel/frasersuites
早安公寓式酒店,seoul,goodmorningparktel,http://www.travelnote.com.cn/seoul/hotel/goodmorningparktel
绿草原观光酒店,seoul,greengrass,http://www.travelnote.com.cn/seoul/hotel/greengrass
江南设计师酒店,seoul,hotel_the_designers,http://www.travelnote.com.cn/seoul/hotel/hotel_the_designers
弘大设计师酒店,seoul,hotel_the_designers_hongdae,http://www.travelnote.com.cn/seoul/hotel/hotel_the_designers_hongdae
明洞宜必思酒店,seoul,ibismyongdong,http://www.travelnote.com.cn/seoul/hotel/ibismyongdong
首尔居尼宾酒店,seoul,junhibin,http://www.travelnote.com.cn/seoul/hotel/junhibin
明洞格兰德酒店,seoul,myeongdong_grandhotel,http://www.travelnote.com.cn/seoul/hotel/myeongdong_grandhotel
新明洞背包客栈,seoul,newmyengdong,http://www.travelnote.com.cn/seoul/hotel/newmyengdong
新东方酒店明洞,seoul,neworiental,http://www.travelnote.com.cn/seoul/hotel/neworiental
明洞新太阳宾馆,seoul,newsun_guesthouse_myeongdong,http://www.travelnote.com.cn/seoul/hotel/newsun_guesthouse_myeongdong
南大门宫殿酒店,seoul,palace,http://www.travelnote.com.cn/seoul/hotel/palace
普罗旺斯塔酒店,seoul,provista,http://www.travelnote.com.cn/seoul/hotel/provista
首尔华美达酒店,seoul,ramada,http://www.travelnote.com.cn/seoul/hotel/ramada
首尔瑞克斯酒店,seoul,rex,http://www.travelnote.com.cn/seoul/hotel/rex
首尔任德福酒店,seoul,stanford_hotel_seoul,http://www.travelnote.com.cn/seoul/hotel/stanford_hotel_seoul
首尔太阳蜂酒店,seoul,sunbee,http://www.travelnote.com.cn/seoul/hotel/sunbee
东大门背包客栈2,seoul,ddmguesthouse,http://www.travelnote.com.cn/seoul/hotel/ddmguesthouse
生活方式酒店（F）,seoul,lifestyle,http://www.travelnote.com.cn/seoul/hotel/lifestyle
釜山帕拉昆大酒店,busan,paragon,http://www.travelnote.com.cn/busan/hotel/paragon
安养中心观光酒店,korea,annyangcentral,http://www.travelnote.com.cn/korea/hotel/annyangcentral
最佳西方济州酒店,korea,bestwestern-jeju,http://www.travelnote.com.cn/korea/hotel/bestwestern-jeju
仁川最佳西方酒店,korea,bestwesterninchon,http://www.travelnote.com.cn/korea/hotel/bestwesterninchon
光州和平观光酒店,korea,gwangjupalace,http://www.travelnote.com.cn/korea/hotel/gwangjupalace
全州韩城观光酒店,korea,hansung,http://www.travelnote.com.cn/korea/hotel/hansung
济州首尔观光酒店,korea,jejuseoul,http://www.travelnote.com.cn/korea/hotel/jejuseoul
马斯特斯观光酒店,korea,masters,http://www.travelnote.com.cn/korea/hotel/masters
新东海观光大酒店,korea,newdonghae,http://www.travelnote.com.cn/korea/hotel/newdonghae
新爱尔兰观光酒店,korea,newisland,http://www.travelnote.com.cn/korea/hotel/newisland
济州珍珠观光酒店,korea,pearl,http://www.travelnote.com.cn/korea/hotel/pearl
儒城里维埃拉酒店,korea,rivierayuseong,http://www.travelnote.com.cn/korea/hotel/rivierayuseong
济州西亚斯度假村,korea,seaes,http://www.travelnote.com.cn/korea/hotel/seaes
仁川松岛新城酒店,korea,songdometro,http://www.travelnote.com.cn/korea/hotel/songdometro
仁川机场转机酒店,korea,transithotel,http://www.travelnote.com.cn/korea/hotel/transithotel
最佳西方江南酒店,seoul,bestwesterngangnam,http://www.travelnote.com.cn/seoul/hotel/bestwesterngangnam
最佳西方九老酒店,seoul,bestwesternguro,http://www.travelnote.com.cn/seoul/hotel/bestwesternguro
本昵客雅花儿酒店,seoul,flowerhotel,http://www.travelnote.com.cn/seoul/hotel/flowerhotel
首尔美好时光酒店,seoul,goodtimehotel,http://www.travelnote.com.cn/seoul/hotel/goodtimehotel
首尔现代公寓酒店,seoul,hyundairs,http://www.travelnote.com.cn/seoul/hotel/hyundairs
首尔中路碧姿酒店,seoul,jongnobizhotel,http://www.travelnote.com.cn/seoul/hotel/jongnobizhotel
最佳西方国都酒店,seoul,kukdo,http://www.travelnote.com.cn/seoul/hotel/kukdo
肯辛顿酒店汝矣岛,seoul,lexington,http://www.travelnote.com.cn/seoul/hotel/lexington
麻浦乐天城市酒店,seoul,lottecity,http://www.travelnote.com.cn/seoul/hotel/lottecity
蚕室乐天世界酒店,seoul,lottejamsil,http://www.travelnote.com.cn/seoul/hotel/lottejamsil
明洞马鲁背包客栈,seoul,maruguesthouse_myeongdong,http://www.travelnote.com.cn/seoul/hotel/maruguesthouse_myeongdong
明洞南山城市酒店,seoul,namsancityhotel-myeongdong,http://www.travelnote.com.cn/seoul/hotel/namsancityhotel-myeongdong
首尔最佳西方酒店,seoul,newseoul,http://www.travelnote.com.cn/seoul/hotel/newseoul
东大门华美达酒店,seoul,ramada_dongdemun,http://www.travelnote.com.cn/seoul/hotel/ramada_dongdemun
首尔明洞金郁金香M酒店　,seoul,hotel-m-myeongdong,http://www.travelnote.com.cn/seoul/hotel/hotel-m-myeongdong
美居首尔江南大使Sodowe酒店,seoul,mercure_ambassador_seoul,http://www.travelnote.com.cn/seoul/hotel/mercure_ambassador_seoul
釜山海云台黄金酒店,busan,goldenbeach,http://www.travelnote.com.cn/busan/hotel/goldenbeach
海云台里维埃拉酒店,busan,haeundaeriviera,http://www.travelnote.com.cn/busan/hotel/haeundaeriviera
釜山诺富特国宾酒店,busan,novotelbusan,http://www.travelnote.com.cn/busan/hotel/novotelbusan
釜山威斯汀朝鲜酒店,busan,westinchosunpusan,http://www.travelnote.com.cn/busan/hotel/westinchosunpusan
天安中心观光大酒店,korea,cheonancentral,http://www.travelnote.com.cn/korea/hotel/cheonancentral
青州新贝拉观光酒店,korea,newbera,http://www.travelnote.com.cn/korea/hotel/newbera
奥瑞卡松岛公园酒店,korea,orakai_songdo_park_hotel,http://www.travelnote.com.cn/korea/hotel/orakai_songdo_park_hotel
光州华美达广场酒店,korea,ramadagwangju,http://www.travelnote.com.cn/korea/hotel/ramadagwangju
济州华美达广场酒店,korea,ramadajeju,http://www.travelnote.com.cn/korea/hotel/ramadajeju
青州华美达广场酒店,korea,ramadaplaza,http://www.travelnote.com.cn/korea/hotel/ramadaplaza
雪岳山教育文化会馆,korea,soraktemf,http://www.travelnote.com.cn/korea/hotel/soraktemf
首尔布朗斯维特酒店,seoul,brownsweet,http://www.travelnote.com.cn/seoul/hotel/brownsweet
加利福尼亚观光酒店,seoul,californiatourist,http://www.travelnote.com.cn/seoul/hotel/californiatourist
首尔江南新艺术酒店,seoul,gangnamartnoveaucity,http://www.travelnote.com.cn/seoul/hotel/gangnamartnoveaucity
泡菜东大门背包客栈,seoul,hongguesthouse_downtown,http://www.travelnote.com.cn/seoul/hotel/hongguesthouse_downtown
宜必思首尔江南酒店,seoul,ibis,http://www.travelnote.com.cn/seoul/hotel/ibis
本昵客雅金盏花酒店,seoul,marigold,http://www.travelnote.com.cn/seoul/hotel/marigold
独山诺富特国宾酒店,seoul,novoteldoksan,http://www.travelnote.com.cn/seoul/hotel/novoteldoksan
江南诺富特国宾酒店,seoul,novotelgangnam,http://www.travelnote.com.cn/seoul/hotel/novotelgangnam
梨泰院时尚背包客栈,seoul,pop_itaewon_guesthouse,http://www.travelnote.com.cn/seoul/hotel/pop_itaewon_guesthouse
首尔鈡路华美达酒店,seoul,ramadaseoul-jongno,http://www.travelnote.com.cn/seoul/hotel/ramadaseoul-jongno
首尔丽思卡尔顿酒店,seoul,ritzcarlton,http://www.travelnote.com.cn/seoul/hotel/ritzcarlton
西大门新罗舒泰酒店,seoul,shilla-stay-seodaemun,http://www.travelnote.com.cn/seoul/hotel/shilla-stay-seodaemun
韦斯廷明洞公寓酒店,seoul,vestin_residence,http://www.travelnote.com.cn/seoul/hotel/vestin_residence
首尔威斯丁朝鲜酒店,seoul,westinchosun,http://www.travelnote.com.cn/seoul/hotel/westinchosun
东大门天空花园酒店1,seoul,skyparkhoteldongdaemun,http://www.travelnote.com.cn/seoul/hotel/skyparkhoteldongdaemun
百济观光酒店（富裕）,korea,baekjetouristbuyeo,http://www.travelnote.com.cn/korea/hotel/baekjetouristbuyeo
济州岛海维彻度假酒店,korea,haevichi,http://www.travelnote.com.cn/korea/hotel/haevichi
最佳西方仁川皇家酒店,korea,incheonroyal,http://www.travelnote.com.cn/korea/hotel/incheonroyal
济州岛海洋格兰德酒店,korea,oceangrand,http://www.travelnote.com.cn/korea/hotel/oceangrand
乐古斋（安东河回村）,korea,rakkojaeandong,http://www.travelnote.com.cn/korea/hotel/rakkojaeandong
安养三元广场观光酒店,korea,samwonplaza,http://www.travelnote.com.cn/korea/hotel/samwonplaza
首尔时代广场万怡酒店,seoul,courtyardmarriotthotel,http://www.travelnote.com.cn/seoul/hotel/courtyardmarriotthotel
首尔格兰德希尔顿酒店,seoul,grandhilton,http://www.travelnote.com.cn/seoul/hotel/grandhilton
千禧年首尔希尔顿酒店,seoul,hilton,http://www.travelnote.com.cn/seoul/hotel/hilton
明洞天空花园中心酒店,seoul,hotel-skypark4-myeongdong,http://www.travelnote.com.cn/seoul/hotel/hotel-skypark4-myeongdong
宜必思首尔仁寺洞酒店,seoul,ibis_insadong,http://www.travelnote.com.cn/seoul/hotel/ibis_insadong
首尔格兰德国洲际酒店,seoul,intercontinental,http://www.travelnote.com.cn/seoul/hotel/intercontinental
东大门华美达安可酒店,seoul,ramadaencore,http://www.travelnote.com.cn/seoul/hotel/ramadaencore
最佳西方首尔花园酒店,seoul,seoulgarden,http://www.travelnote.com.cn/seoul/hotel/seoulgarden
首尔中心辉盛坊国际公寓,seoul,fraserplace,http://www.travelnote.com.cn/seoul/hotel/fraserplace
黄金森林河畔公寓式酒店,seoul,goldenforest-river,http://www.travelnote.com.cn/seoul/hotel/goldenforest-river
宜必思尚品大使明洞酒店,seoul,ibisstyles,http://www.travelnote.com.cn/seoul/hotel/ibisstyles
金浦机场乐天城市酒店　,seoul,lottecity_gimpo,http://www.travelnote.com.cn/seoul/hotel/lottecity_gimpo
宜必思快捷酒店釜山海云台,busan,ibisbudget-busan-haeundae,http://www.travelnote.com.cn/busan/hotel/ibisbudget-busan-haeundae
济州岛维斯塔凯世界杯酒店,korea,vistacayhotel-worldcup,http://www.travelnote.com.cn/korea/hotel/vistacayhotel-worldcup
首尔世贸中心奥克伍德豪景,seoul,oakwood,http://www.travelnote.com.cn/seoul/hotel/oakwood
首尔南大门华美达套房酒店,seoul,ramadasuite,http://www.travelnote.com.cn/seoul/hotel/ramadasuite
首尔新村卡萨维尔经济型公寓,seoul,shinchoncasaville,http://www.travelnote.com.cn/seoul/hotel/shinchoncasaville
宜必思快捷首尔东大门大使酒店,seoul,ibisbudget,http://www.travelnote.com.cn/seoul/hotel/ibisbudget
国际旅馆首尔东大门城市戴斯饭店,seoul,citydaysinn,http://www.travelnote.com.cn/seoul/hotel/citydaysinn
首尔七街酒店（原首尔萨顿酒店）,seoul,hotel-7street-seoul,http://www.travelnote.com.cn/seoul/hotel/hotel-7street-seoul
明洞七街酒店Ⅰ（原明洞萨顿酒店）,seoul,staz-myeongdong1,http://www.travelnote.com.cn/seoul/hotel/staz-myeongdong1
